Falla,Promedio
vallecitos,3.5315217391304374
Agua blanca,3.3966398222715957
Laguna salada,3.530420636765043
